Uuid,Void/Retire,Name,Description,Parent,Tag|Login Location,Tag|Registration Location,Tag|Visit Location,Tag|Facility Location,Tag|Queue Location,Tag|Admission Location,Tag|Appointment Location,Tag|Transfer Location,Address 1,Address 2,Address 3,Address 4,Address 5,Address 6,City/Village,County/District,State/Province,Postal Code,Country,_order:1000
8d6c993e-c2cc-11de-8d13-0010c6dffd0f,,Unknown Location,Unknown Location,,,,,,,,,,,,,,,,,,,,,
f47ac10b-58cc-4372-a567-0e02b2c3d479,,HISPIndia Hospital,HISPIndia Hospital,,,,TRUE,,,,,,,,,,,,,,,,,
44c3efb0-2583-4c80-a79e-1f756a03c0a1,,Outpatient Clinic,Outpatient Clinic,HISPIndia Hospital,TRUE,,,TRUE,TRUE,,TRUE,,,,,,,,,,,,,
ba685651-ed3b-4e63-9b35-78893060758a,,Inpatient Ward,Inpatient Ward,HISPIndia Hospital,TRUE,,,,TRUE,TRUE,,TRUE,,,,,,,,,,,,
8d9045ad-50f0-45b8-93c8-3ed4bce19dbf,,General Medicine OPD,General Medicine OPD consultation room. Replace with the actual floor and room number when confirmed.,Outpatient Clinic,TRUE,,FALSE,,TRUE,,,,,,,,,,,,,,,
184ac7d9-225a-41f8-bac7-c87b1327e1b0,,Medical Ward,Medical Ward,HISPIndia Hospital,TRUE,,,,,TRUE,,TRUE,,,,,,,,,,,,
5a7f3c53-6bb4-448b-a966-5e65b397b9f3,,Surgical Ward,Surgical Ward,HISPIndia Hospital,TRUE,,,,,TRUE,,TRUE,,,,,,,,,,,,
2272b8cd-b690-4878-a50c-40d22235b3f3,,Maternity Ward,Maternity Ward,HISPIndia Hospital,TRUE,,,,,TRUE,,TRUE,,,,,,,,,,,,
dbdaabf6-a326-4804-aba7-062073e05cd1,,General Surgery OPD,General Surgery OPD consultation room. Replace with the actual floor and room number when confirmed.,Outpatient Clinic,TRUE,,FALSE,,TRUE,,,,,,,,,,,,,,,
4a06a96f-dd21-4695-8d76-b9c405cebafc,,Obstetrics and Gynaecology OPD,Obstetrics and Gynaecology OPD consultation room. Replace with the actual floor and room number when confirmed.,Outpatient Clinic,TRUE,,FALSE,,TRUE,,,,,,,,,,,,,,,
d493f3eb-ba7c-4e6c-988d-62491e496045,,Paediatrics OPD,Paediatrics OPD consultation room. Replace with the actual floor and room number when confirmed.,Outpatient Clinic,TRUE,,FALSE,,TRUE,,,,,,,,,,,,,,,
dd2ad4cd-e33a-40cc-955a-e91e313f9a3b,,Orthopaedics OPD,Orthopaedics OPD consultation room. Replace with the actual floor and room number when confirmed.,Outpatient Clinic,TRUE,,FALSE,,TRUE,,,,,,,,,,,,,,,
94346397-3848-4b92-9219-a981ed4265f8,,ENT OPD,ENT OPD consultation room. Replace with the actual floor and room number when confirmed.,Outpatient Clinic,TRUE,,FALSE,,TRUE,,,,,,,,,,,,,,,
0566e68d-26ff-4e1d-a199-a9b8ecc3a7d4,,Ophthalmology OPD,Ophthalmology OPD consultation room. Replace with the actual floor and room number when confirmed.,Outpatient Clinic,TRUE,,FALSE,,TRUE,,,,,,,,,,,,,,,
9ade8976-a178-4bce-a229-50cfcf61b87d,,Dental OPD,Dental OPD consultation room. Replace with the actual floor and room number when confirmed.,Outpatient Clinic,TRUE,,FALSE,,TRUE,,,,,,,,,,,,,,,
50cfb6ca-a360-41f2-b3a0-7c5a19f4aa98,,Dermatology OPD,Dermatology OPD consultation room. Replace with the actual floor and room number when confirmed.,Outpatient Clinic,TRUE,,FALSE,,TRUE,,,,,,,,,,,,,,,
d5be46a5-3afa-40fa-86ab-3c1ff31543e3,,Psychiatry OPD,Psychiatry OPD consultation room. Replace with the actual floor and room number when confirmed.,Outpatient Clinic,TRUE,,FALSE,,TRUE,,,,,,,,,,,,,,,
5f47d469-7c8d-4f34-887c-16db797bec3d,,Physiotherapy OPD,Physiotherapy OPD consultation room. Replace with the actual floor and room number when confirmed.,Outpatient Clinic,TRUE,,FALSE,,TRUE,,,,,,,,,,,,,,,
d81f9408-1582-4270-848f-6af319424733,,Emergency Department,24x7 emergency and casualty area,HISPIndia Hospital,TRUE,,FALSE,,TRUE,,,,,,,,,,,,,,,
ffd78808-5b88-4a56-9c94-54754725ad90,,Laboratory Sample Collection,Laboratory Sample Collection area. Replace with the actual floor and room number when confirmed.,HISPIndia Hospital,TRUE,,FALSE,,TRUE,,,,,,,,,,,,,,,
a61a5145-8da1-4410-be23-479314814cc7,,X-ray Imaging,X-ray Imaging area. Replace with the actual floor and room number when confirmed.,HISPIndia Hospital,TRUE,,FALSE,,TRUE,,,,,,,,,,,,,,,
5e6abb9d-7ab3-4203-8b02-1462bcca0c51,,Ultrasound Imaging,Ultrasound Imaging area. Replace with the actual floor and room number when confirmed.,HISPIndia Hospital,TRUE,,FALSE,,TRUE,,,,,,,,,,,,,,,
5595f9a5-7f46-4de3-84e0-f35c79211258,,General Registration,General Registration,HISPIndia Hospital,TRUE,TRUE,,,,,,,,,,,,,,,,,,
f1ce1a74-b8d7-4878-8429-707a6ff20a60,,Senior Citizen Registration,Senior Citizen Registration,HISPIndia Hospital,TRUE,TRUE,,,,,,,,,,,,,,,,,,
