UUID,Name,Service,Location,Status Concept Set,Priority Concept Set
d692a223-e140-11ee-bad2-0242ac120002,Outpatient Triage,d62d58e9-ec91-4108-9643-00f5f23bf51c,44c3efb0-2583-4c80-a79e-1f756a03c0a1,,
13b656d3-e141-11ee-bad2-0242ac120002,General Medicine OPD,e61ffec8-a94e-5c61-be84-35b854119a5b,8d9045ad-50f0-45b8-93c8-3ed4bce19dbf,,
6c111227-336c-5fbd-ad1e-14c47fba4388,General Surgery OPD,17d1c75e-388e-5fbd-b68c-45174f6565ae,dbdaabf6-a326-4804-aba7-062073e05cd1,,
776ac2c2-c52d-5bb1-a3f4-f41030898e07,Obstetrics and Gynaecology OPD,e5ea9c43-0b17-5c6c-8e10-841339cc048e,4a06a96f-dd21-4695-8d76-b9c405cebafc,,
fd8981ff-a80c-5e76-9148-96981454f94e,Paediatrics OPD,35ffd223-d773-5bbd-937b-c8657b4cf591,d493f3eb-ba7c-4e6c-988d-62491e496045,,
de88fe14-347e-5b07-bfaf-62b6f5095b3b,Orthopaedics OPD,d59a4111-5364-5fb8-b516-b6b775dd6234,dd2ad4cd-e33a-40cc-955a-e91e313f9a3b,,
2e97ea03-a8fc-5a8d-b04c-d5dd1f3e9550,ENT OPD,1b5af009-8307-5ef3-9983-85c455f977bc,94346397-3848-4b92-9219-a981ed4265f8,,
e8ad9402-b6ec-5203-82f6-530badc6915d,Ophthalmology OPD,3ea09fa2-e411-51c0-b4a7-fb86e399b9ea,0566e68d-26ff-4e1d-a199-a9b8ecc3a7d4,,
fb76179f-41ab-5b89-921d-0a483a811460,Dental OPD,2eae90fc-3fe3-593b-9e61-9b6a982eb088,9ade8976-a178-4bce-a229-50cfcf61b87d,,
68e983cd-bb29-56cc-b1b6-a5351b263700,Dermatology OPD,ebd44e0e-3ed1-5f2f-83b6-1dd7c85945de,50cfb6ca-a360-41f2-b3a0-7c5a19f4aa98,,
5fd906cc-58a8-57fc-8989-7f965eb6c419,Psychiatry OPD,435fc084-4758-50c8-ae39-02fdc603e555,d5be46a5-3afa-40fa-86ab-3c1ff31543e3,,
6216042f-a963-5ad7-8833-067c873d4657,Physiotherapy OPD,5d7e166c-18e2-5f78-afa5-da7675530e63,5f47d469-7c8d-4f34-887c-16db797bec3d,,
fe59f788-e37e-5771-86d1-5a71b86d5fab,Emergency Department,b355af23-6f5f-5a1e-97c6-01d62032acb2,d81f9408-1582-4270-848f-6af319424733,,
0e1142c7-01c9-5508-b713-a08d5716d90a,Laboratory Sample Collection,28b1eab4-db52-5c2b-af9a-4777a6fefb0c,ffd78808-5b88-4a56-9c94-54754725ad90,,
fd43a3d8-1f52-5f67-a956-9e6959669577,X-ray Imaging,48bbb628-c26a-556a-a7ce-153de7d6f6cd,a61a5145-8da1-4410-be23-479314814cc7,,
cd53c32b-35de-5c2c-8dab-b3e84a114df7,Ultrasound Imaging,9026df9a-fbfc-5bbc-ac73-34d40c167e85,5e6abb9d-7ab3-4203-8b02-1462bcca0c51,,
16298981-2bdb-57c7-ad55-f778ac15b20c,Admission Desk,63286de9-3afb-5926-baf5-b3ae50a104c7,ba685651-ed3b-4e63-9b35-78893060758a,,
