Uuid,Void/Retire,Entity name,Name,Description,Min occurs,Max occurs,Datatype classname,Datatype config,Preferred handler classname,Handler config,_order:1000
57ea0cbb-064f-4d09-8cf4-e8228700491c,,Visit,Punctuality,,0,1,org.openmrs.customdatatype.datatype.ConceptDatatype,d81d4698-e78c-420d-aac5-cb1f606fb32e,,,
aac48226-d143-4274-80e0-264db4e368ee,,Visit,Insurance Policy Number,,0,1,org.openmrs.customdatatype.datatype.FreeTextDatatype,,,,
3a988e33-a6c0-4b76-b924-01abb998944b,,Visit,Insurance Scheme,"The insurance scheme the patient is using to settle payment for services, expects a uuid",0,1,org.openmrs.customdatatype.datatype.FreeTextDatatype,,,,
8553afa0-bdb9-4d3c-8a98-05fa9350aa85,,Visit,Payment Method,"The payment method used by the patient to settle payment, expects a uuid",0,1,org.openmrs.customdatatype.datatype.FreeTextDatatype,,,,
fbc0702d-b4c9-4968-be63-af8ad3ad6239,,Visit,Patient Type,"If the patient will be paying or receives services for free, expects a uuid",0,1,org.openmrs.customdatatype.datatype.FreeTextDatatype,,,,
c0c579b0-8e59-401d-8a4a-976a0b183519,,Visit,Visit Queue Number,The visit queue number used to identify patients on the queue screen,0,1,org.openmrs.customdatatype.datatype.FreeTextDatatype,,,,
b814d107-1b67-4310-9c43-d9da8cc884d1,,Location,HFR Facility ID,ABDM Health Facility Registry ID for this location - used as the X-HIP-ID header. Scoped per Location so one install can serve several facilities under a single HRP credential. Sandbox test facility: IN020002510.,0,1,org.openmrs.customdatatype.datatype.FreeTextDatatype,,,,
77679762-856a-4e31-bfe2-4f3eec644dc0,,Visit,Patient Category,"Fee-eligibility category applying to THIS visit (D11) - General, BPL/subsidised, staff, scheme-linked, exempt. Concept-coded against set 7486228b-2618-4708-97a1-9779191884cb. Pre-filled from the patient's most recent visit so the clerk usually accepts it with one keystroke; a change on a later visit never restates a past bill. SINGLE QUESTION (D16, 2026-08-05): every category belongs to exactly one side of paying/non-paying, so payability is DERIVED from the category rather than asked separately - Billing maps each category to payable or exempt in its own configuration. The clerk answers one question, and one visit_attribute row is the single source of truth for pricing. BOUNDARY: distinct from the stock 'Patient Type' visit attribute (fbc0702d), the billing module's own paying/free flag, which stays under its control - we never set it. Written by BOTH entry points: the HISP India registration page and the stock dashboard visit form, which is configured to render this same attribute type.",0,1,org.openmrs.customdatatype.datatype.ConceptDatatype,7486228b-2618-4708-97a1-9779191884cb,,,
6728199b-5764-4185-921a-5de61b1141ce,,Location,Counter Code,"Short admin-chosen code identifying this physical counter/kiosk to ABDM's Scan and Share flow. Typed into the ABDM/HFR portal's counter-id field when generating that counter's static QR, and echoed back in the inbound webhook's metaData.context so this counter's queue can be resolved. Keep it short and plain alphanumeric -- the ABDM portal strips hyphens and truncates long values before embedding them in the QR, so anything longer or punctuated (e.g. a Location uuid) comes back corrupted and unresolvable. Set independently per counter Location -- deliberately not inherited from a parent, unlike HFR Facility ID.",0,1,org.openmrs.customdatatype.datatype.FreeTextDatatype,,,,
